<?xml version="1.0" encoding="UTF-8"?>

<mule xmlns:ee="http://www.mulesoft.org/schema/mule/ee/core" xmlns:file="http://www.mulesoft.org/schema/mule/file"
	xmlns:http="http://www.mulesoft.org/schema/mule/http"
	xmlns="http://www.mulesoft.org/schema/mule/core" xmlns:doc="http://www.mulesoft.org/schema/mule/documentation" xmlns:xsi="http://www.w3.org/2001/XMLSchema-instance" xsi:schemaLocation="http://www.mulesoft.org/schema/mule/core http://www.mulesoft.org/schema/mule/core/current/mule.xsd
http://www.mulesoft.org/schema/mule/http http://www.mulesoft.org/schema/mule/http/current/mule-http.xsd
http://www.mulesoft.org/schema/mule/file http://www.mulesoft.org/schema/mule/file/current/mule-file.xsd
http://www.mulesoft.org/schema/mule/ee/core http://www.mulesoft.org/schema/mule/ee/core/current/mule-ee.xsd">
	<http:listener-config name="HTTP_Listener_config" doc:name="HTTP Listener config" doc:id="9b993dc0-dc11-4a13-ab94-c6b99eb9860c" basePath="xml-to-csv" >
		<http:listener-connection host="localhost" port="8081" />
	</http:listener-config>
	<file:config name="File_Config" doc:name="File Config" doc:id="d9b92d4b-b7e2-4bae-aa40-95c45bfaabe0" />
	<flow name="xml-to-csvFlow" doc:id="ec2593da-2d16-46c8-92d6-5dd4a9226d78" >
		<http:listener doc:name="Listener" doc:id="5b0a3cc5-6ce6-487f-92ef-d76e1e754401" config-ref="HTTP_Listener_config" path="/"/>
		<logger level="INFO" doc:name="Logger - Start Reading" doc:id="fea99ff6-d9c9-40e4-b86e-febd85617224" category="LOG_START_READING"/>
		<file:read doc:name="Read" doc:id="456682ee-9cf1-4dcb-91e8-e8d718fdeb52" config-ref="File_Config" path="C:\dev\mule-ws\xml-to-csv\src\main\resources\person.xml"/>
		<ee:transform doc:name="Transform Message" doc:id="d888db28-45e8-4c57-98f3-2a6961f5f1fc" >
			<ee:message >
				<ee:set-payload ><![CDATA[%dw 2.0
output application/csv
---
payload pluck($)]]></ee:set-payload>
			</ee:message>
		</ee:transform>
		<file:write doc:name="Write" doc:id="a432536a-af7b-4cf2-bbfb-5ba11f7808dd" config-ref="File_Config" path="C:\dev\mule-ws\xml-to-csv\src\main\resources\person.csv">
			<file:content ><![CDATA[#[%dw 2.0
output application/csv headerLineNumber = 0 , header = true
---
[{
	firstName: payload.person.firstName,
	lastName: payload.person.lastName,
	
}
]]]]></file:content>
		</file:write>
	</flow>
</mule>
