<?xml version='1.0' encoding='UTF-8'?>
<types:mule xmlns:types="http://www.mulesoft.org/schema/mule/types">
  <types:catalog>
    <types:type name="xml" format="xml">
      <types:shape format="xml-schema" element="people" location="person.xsd"/>
    </types:type>
    <types:type name="CSV" format="csv">
      <types:shape format="weave" example="examples/sample_person.csv"><![CDATA[%dw 2.0
type CSV = Array<{|
  firstName: String, 
  lastName: String
|}> {"MetadataFormat": "csv"}

]]></types:shape>
      <types:properties>
        <types:property name="headerLineNumber" value="0"/>
        <types:property name="header" value="true"/>
        <types:property name="isQuotedString" value="false"/>
      </types:properties>
    </types:type>
  </types:catalog>
  <types:enrichment select="#d888db28-45e8-4c57-98f3-2a6961f5f1fc">
    <types:processor-declaration>
      <types:input-event>
        <types:message>
          <types:payload type="xml"/>
        </types:message>
      </types:input-event>
      <types:output-event>
        <types:message>
          <types:payload type="CSV"/>
        </types:message>
      </types:output-event>
    </types:processor-declaration>
  </types:enrichment>
</types:mule>